-- Add Holidays for Jan-June 2026

INSERT INTO public.academic_calendar (title, event_type, start_date, end_date, is_holiday, description) VALUES
('Second Saturday - JNTUGV Holiday', 'holiday', '2026-01-10', '2026-01-10', true, 'JNTUGV Holiday'),
('Pongal Vacation - JNTUGV Vacation', 'holiday', '2026-01-12', '2026-01-17', true, 'JNTUGV Vacation'),
('Second Saturday - JNTUGV Holiday', 'holiday', '2026-02-14', '2026-02-14', true, 'JNTUGV Holiday'),
('Holi - AP Govt Holiday', 'holiday', '2026-03-03', '2026-03-03', true, 'AP Govt Holiday'),
('Second Saturday - JNTUGV Holiday', 'holiday', '2026-03-14', '2026-03-14', true, 'JNTUGV Holiday'),
('Ugadi - AP Govt Holiday', 'holiday', '2026-03-19', '2026-03-19', true, 'AP Govt Holiday'),
('Ramzan - AP Govt Holiday', 'holiday', '2026-03-20', '2026-03-20', true, 'AP Govt Holiday'),
('Sreeramanavami - AP Govt Holiday', 'holiday', '2026-03-27', '2026-03-27', true, 'AP Govt Holiday'),
('Good Friday - AP Govt Holiday', 'holiday', '2026-04-03', '2026-04-03', true, 'AP Govt Holiday'),
('Second Saturday - JNTUGV Holiday', 'holiday', '2026-04-11', '2026-04-11', true, 'JNTUGV Holiday'),
('Dr. B.R. Ambedkar''s Birthday - AP Govt Holiday', 'holiday', '2026-04-14', '2026-04-14', true, 'AP Govt Holiday'),
('Second Saturday - JNTUGV Holiday', 'holiday', '2026-05-09', '2026-05-09', true, 'JNTUGV Holiday'),
('Bakrid - AP Govt Holiday', 'holiday', '2026-05-27', '2026-05-27', true, 'AP Govt Holiday'),
('Second Saturday - JNTUGV Holiday', 'holiday', '2026-06-13', '2026-06-13', true, 'JNTUGV Holiday'),
('Moharrum - AP Govt Holiday', 'holiday', '2026-06-25', '2026-06-25', true, 'AP Govt Holiday');
